200
Berneice Hackett;220-6726;coby.littel@hotmail.com;9210 Schaden Road Apt. 198, Lake Clifton, FM 22749
Roberto Johns;341-2687;nannie.hartmann@yahoo.com;71616 Heidenreich Ridge Suite 125, South Emanuel, GA 16923-3388
Hailee Kuvalis;933-7943;gottlieb.ernestine@gmail.com;985 Deckow Freeway Apt. 597, Prohaskafurt, VT 99392-0643
Edison Casper;149-4599;emily04@yahoo.com;306 Hansen Forks, West Graceberg, OK 30787-5290
Karine Jacobi;491-3316;major60@hotmail.com;188 Ahmad Spur Apt. 555, Julianneville, NM 05069-0937
Neal Larkin;536-2729;yschaefer@yahoo.com;14250 Hirthe Roads, South Luz, NV 31875
Bud Heller;112-7575;bradtke.cassandre@hotmail.com;1408 Jacey Harbor, Kreigerview, MP 46361
Lera Wilkinson;141-9779;tracy.bernier@yahoo.com;31851 Connie Lights Apt. 546, Shanahanchester, VT 02173-8881
Prince McDermott;553-6761;carter.reymundo@gmail.com;89196 Murazik Turnpike Apt. 511, Schillerton, AK 42772-0123
Callie Lebsack;673-1877;wilkinson.felicita@hotmail.com;29186 Larson Parkway Suite 024, North Frank, CA 64857-9758
Milton Frami;910-2940;aniya02@gmail.com;0770 Huels Cliffs, Lake Adrienview, MS 59736-6634
Brigitte Rogahn;989-5405;carlee74@yahoo.com;605 Bins Isle, Vincefort, MD 59887-5244
Rebeka Becker;831-6988;wwhite@gmail.com;0572 Kovacek Islands, East Jadynton, SC 80318
Bonnie Dietrich;733-2216;bartell.howell@hotmail.com;66605 Graciela Islands, Bernhardburgh, PR 86010
Arianna Kunde;937-4715;vonrueden.taryn@hotmail.com;934 Wolff Lane, Mariettafurt, LA 15746
Ansel Orn;053-2247;kunze.golden@yahoo.com;179 Charlie Gateway Apt. 508, Sauermouth, MA 20352-4010
Ahmad Lakin;059-5858;felipe39@hotmail.com;412 Christina Forge, New Emmettbury, VT 09801
Velda Gleichner;597-7203;kreiger.tony@yahoo.com;481 Blaze Inlet, Russelstad, MS 77505-5674
Linnie O'Conner;100-9511;eldridge.tromp@hotmail.com;923 Towne Shoal, West John, GA 05977
Otto Schultz;893-7404;rbeatty@gmail.com;708 Cassin Mission, Borerstad, DC 05562
Marietta Boyer;109-5834;pwilkinson@gmail.com;5167 Miller Junction, Glennieview, KY 60142
Velva Conn;927-9047;parker12@gmail.com;7163 Smith Mill Suite 522, North Myrlhaven, AL 12305
Rosalia Berge;721-6517;scottie.murray@hotmail.com;70373 Hickle Springs, Lauriestad, PR 38737-3297
Kamron Rempel;631-8768;zkunze@yahoo.com;2282 Ole Locks, Elvishaven, NE 29027-9191
Lizzie Bosco;632-6369;shields.brent@hotmail.com;68844 Kendall Squares, New Craigchester, FM 59681-4132
Velda Wuckert;777-5084;alena65@gmail.com;1884 Juwan Ways, West Mitchell, WA 38424-7849
Jolie Kuvalis;516-6202;hoppe.tyrese@gmail.com;74776 Hand Rapids, South Daphneetown, AE 76335
Elliott Heaney;958-3408;sconroy@yahoo.com;110 Heaney Fall Suite 908, Maureenfort, CO 95626
Nigel Erdman;514-1685;ffriesen@yahoo.com;2764 Larkin Street Suite 103, Randallchester, WV 71226-8591
Ferne Kassulke;291-2261;hagenes.erick@yahoo.com;2014 Isaac Pass, Ernserville, TN 66185
Antone Goldner;138-1419;lucas.schoen@hotmail.com;799 Kole Freeway Apt. 910, Jacobiborough, NV 70913-7720
Destin Ankunding;555-0348;cgoodwin@gmail.com;75364 Considine Hills, West Randalton, LA 52080
Lenore Herman;189-6680;iwehner@gmail.com;17322 Swift Haven, South Marcelstad, NJ 51914-4336
Major O'Reilly;267-3493;billie.beahan@hotmail.com;247 Roob Run, Bogisichfurt, TN 13369-3537
Laurence Gislason;029-7300;heather42@hotmail.com;2379 Kayla Course, Emardstad, OH 59078
Reed Toy;800-9549;oswald.welch@hotmail.com;398 Murazik Plain Suite 196, West Raleigh, VI 59207
Assunta Predovic;005-0995;marianne.cormier@hotmail.com;54380 Leuschke Isle Apt. 257, Port Jewellton, ND 92440-4115
Nigel Kunde;922-4288;treutel.myrtie@yahoo.com;469 Collin Keys, West Emma, NE 78448-6202
Darrel Treutel;272-5589;cora30@gmail.com;14691 Fredy Ville Apt. 831, West Bobbie, AR 24283
Sydnie Kuhn;611-0726;orland.sawayn@hotmail.com;99461 Ned Place Apt. 632, New Bryceville, PW 26035
Dusty Feil;815-5351;violet.monahan@hotmail.com;341 Annabelle Walk Suite 345, Lakinland, IL 50762-5861
Veda Mitchell;020-2847;xerdman@yahoo.com;596 Altenwerth Keys, Wolfftown, AZ 38683-8679
Aubrey Breitenberg;726-3839;so'hara@gmail.com;7123 Rippin Trail, Handberg, NE 97466-6787
Elsie Wiza;013-3030;rice.brannon@yahoo.com;3952 Ward Islands, West Ferminfurt, CA 46241-1168
Kenya Hackett;594-7058;emmitt67@hotmail.com;995 Lola Common, Sipesstad, MO 88363
Jacquelyn Cummings;836-0463;enoch.strosin@hotmail.com;9582 Rory Falls, Uptontown, CT 58575-6421
Jerry Luettgen;004-7674;polly51@yahoo.com;5263 Ivory Lakes, Nedfort, IA 71692-3972
Marlen Haley;042-7866;dale.jast@hotmail.com;065 Lind Prairie, Port Adrielville, VA 15820-9066
Rafael Stroman;852-4188;cooper.haley@hotmail.com;97739 Tremblay Summit Suite 921, Lake Pearl, MO 51583
Sherwood Wuckert;114-8445;apurdy@gmail.com;9216 Schmidt Pine Apt. 842, Lake Xzavierborough, WI 99522
Arlene Hansen;714-6387;nelda.satterfield@yahoo.com;69347 Hintz Club, Dereckview, OH 54638-8458
Eliane Rempel;761-6195;zprice@yahoo.com;263 Hansen Spur Apt. 519, West Jeffery, AA 34089
Pablo Kertzmann;265-6480;marcia.kessler@yahoo.com;919 Donald Plains, Romanfurt, MP 38700-2092
Veronica Deckow;396-0734;romaguera.leonard@gmail.com;7444 Delores Pike, East Nyafurt, TX 36770-1616
Marielle Ernser;852-2641;aschinner@gmail.com;291 Nienow Manors Suite 646, Clemmiechester, GU 55877
Rhoda Collins;048-7688;fadel.jayne@gmail.com;4772 Green Ridges, East Duane, ME 46396-1140
Caesar Shanahan;003-5242;dhermiston@hotmail.com;89602 Becker Creek Suite 065, Port Reid, DC 20796
Amara Skiles;484-2761;twalter@hotmail.com;945 Mariane Divide, South Elainastad, AR 96911-5258
Jessica Walsh;252-8349;jewess.hollie@gmail.com;44377 Jacobson Mountain Apt. 079, East Alysson, AE 40430
Martine Ebert;548-6828;rdaniel@hotmail.com;674 Maya Walk, Pfefferburgh, TX 00652
Bell Nienow;903-5519;collier.aubree@gmail.com;41688 Amelie Camp, North Gardner, MD 79334
Katrina O'Keefe;794-9298;zulauf.larue@hotmail.com;242 Emmitt Land, Lake Cortezbury, UT 88269
Brenden Rogahn;238-1042;jewel.kunze@hotmail.com;8779 Bins Mountains, Darbyton, WA 68429
Loma McGlynn;343-7976;simonis.stewart@hotmail.com;35323 Langosh Alley, Wisozkfurt, MA 17805
Michaela Goodwin;163-9497;elenor.goyette@hotmail.com;67404 Shawna Land, Lake Rigobertoberg, GA 56189-1415
Micaela Howell;615-5960;emerson30@yahoo.com;689 Maggie Plains, Herminioberg, TX 71521-3282
Barbara Watsica;301-7003;alvis74@hotmail.com;008 Florence Branch Apt. 006, Port Juana, CO 62972
Judd Gutkowski;553-2807;po'conner@hotmail.com;963 Mohr Lights, Lake Pedroberg, NE 29189-1911
Ayana Heller;079-1641;kaci.gleichner@gmail.com;876 Wisoky Mall, Gulgowskiview, PA 89054-0473
Cortez Gulgowski;292-6551;alfred.schultz@yahoo.com;331 Keeley Spring Suite 820, South Cecileland, AA 82416
Estrella Reichert;357-5368;torphy.river@hotmail.com;29108 Schaden Shores, Kellieview, UT 83378-0515
Lysanne Medhurst;086-2747;dusty.kuhic@gmail.com;0818 Jairo View Apt. 224, New Noah, FL 59014-7020
Janessa Feil;534-7165;sanford.prudence@yahoo.com;7461 Sherman Villages, Port Uriahfort, WI 17102-7395
Marquise Schultz;555-3968;ashleigh38@yahoo.com;305 Hermiston Overpass Suite 879, Rogerstown, VT 24677-6610
Jolie Goyette;955-7645;welch.audrey@yahoo.com;053 Keon Drive, South Don, LA 09978
Wilber Bogisich;736-6191;zachariah.walter@hotmail.com;9522 Joannie Course, East Patience, MA 57158
Nickolas Yost;181-3049;mcclure.deonte@gmail.com;446 Arvilla Parks, Handfurt, TN 13844-6500
Kenton Hermiston;704-6737;eusebio84@gmail.com;836 Willis Cliff, Joesphshire, AE 72121-5589
Darryl Kub;158-2490;polly.hettinger@hotmail.com;576 O'Reilly Spurs Apt. 155, South Alvahhaven, NM 07135
Napoleon Blick;762-3801;ttremblay@hotmail.com;943 Dean Knolls Suite 999, Felicityland, GA 69627
Sage Yost;637-4968;natasha38@gmail.com;49203 Shany Square Suite 831, Adalbertoton, AL 64422
Isac Quitzon;883-4780;anya31@yahoo.com;8631 Franz Trail Apt. 372, Lake Roman, SC 54729-6933
Ana Borer;638-4926;tracey34@yahoo.com;47566 Schiller Ferry, East Vincent, AZ 29059-8722
Autumn Klocko;887-2856;melvina.renner@gmail.com;59607 Frami Ville, East Tracey, CO 06315
Jarrod Wintheiser;395-6437;myrtle08@gmail.com;508 Angus Crescent Suite 456, Shieldsmouth, OH 21252-8762
Jeffry Haley;760-1081;terrance93@yahoo.com;8470 McDermott Wells Apt. 428, South Amari, AE 78419-7886
Edythe O'Conner;536-7393;dovie.johns@yahoo.com;49832 Moen Highway Suite 804, Odessaburgh, VI 06175
Omer Koelpin;927-1181;walker.iva@gmail.com;0102 Barton Coves Apt. 199, East Maeve, NY 53862
Yadira Ullrich;052-6242;mrice@hotmail.com;825 Arno Points, Lake Katherineview, MT 14967-9934
Judah Dicki;403-1489;wilford41@gmail.com;420 Trantow Gateway, West Shanelle, AL 20168
Cleta Wintheiser;515-0357;wmclaughlin@hotmail.com;03768 Hope Station, Jeraldport, AP 06621-2190
London Satterfield;712-4922;frida.west@gmail.com;37766 McClure Lakes, Tayaborough, PW 05782
Blake Hagenes;812-1671;schroeder.einar@yahoo.com;89949 Schmidt Rapids Apt. 578, North Rowland, AE 33713-4226
Columbus Boyer;438-5359;zella.klein@yahoo.com;5816 Mayert Rest Apt. 614, Ricefurt, OK 73481-2208
Deven Kassulke;075-5610;oswaldo.anderson@hotmail.com;417 Mertz Common Suite 679, Pricefurt, DE 95837-9403
Pearl Jones;409-1723;roscoe.rowe@hotmail.com;6535 Gonzalo Trail, Keshaunville, VT 86286
Cortney Cartwright;628-8748;drake.schuster@yahoo.com;785 Casimir Street, Bechtelarton, MH 45577-1975
Kameron Sanford;847-2039;abshire.delilah@gmail.com;4814 Beier Stravenue, Bauchville, VI 16587-6380
Kristofer Dach;708-2909;pfeffer.vidal@yahoo.com;37972 Pfannerstill Hollow, Heavenchester, HI 17002-6767
Winfield Casper;256-7917;kbahringer@gmail.com;4281 Rodriguez Isle, East Lee, KY 77312
Angeline Olson;564-0008;monica.kuphal@yahoo.com;90686 Koch Courts Apt. 019, South Madilyn, AA 55035-6022
Asa Wilderman;733-0867;franz68@yahoo.com;00712 Nicolas Fork Suite 168, VonRuedenport, AS 67272-6517
Ashtyn Mayert;817-5742;lubowitz.angel@hotmail.com;38918 McDermott Highway Suite 538, South Aglae, PW 79123
Justus Runte;600-9878;brenden.larson@yahoo.com;85857 Mitchell Junctions, Myaland, AZ 15779-0112
Hassan Wisoky;870-5853;inikolaus@yahoo.com;56565 Hettinger Mountains Apt. 889, Lindgrenberg, NV 02816
Skye Rolfson;329-8245;schaden.betty@yahoo.com;080 Savannah Landing Apt. 250, South Jamar, NY 65582-9112
Brandt Raynor;017-7557;abigail26@gmail.com;57090 Ward Crest, East Tialand, NC 81205
Lula Greenfelder;024-3016;ebert.rosalyn@yahoo.com;870 Salma Mount Apt. 189, West Kamrenhaven, AE 82345
Clarabelle Wisozk;782-3464;borer.chadd@hotmail.com;60675 Hauck Drives, Lake Kristofer, LA 65296
Josiane Johnston;411-4569;aokuneva@gmail.com;84127 Amiya Island Suite 021, New Amaramouth, CO 74293-8784
Bonnie Powlowski;766-4827;marvin.nasir@yahoo.com;23219 Hermann Walks, Marquardtview, MP 91947-7978
Joanny Witting;326-0611;gjenkins@yahoo.com;878 Alana Circles, Morissettefort, UT 40202-5609
Maxwell Ritchie;483-0716;lowe.carter@gmail.com;5650 Caitlyn View Apt. 903, Carolannestad, GU 15635
Josefina Block;002-0774;wisoky.zaria@gmail.com;583 August Island Apt. 892, Vonmouth, IL 52955-5658
Alan Zieme;841-6892;frami.anissa@hotmail.com;6754 Ezra Land, New Alyceshire, NJ 04282
Charles Barton;360-1767;darian24@gmail.com;46855 Jerde Lights Suite 582, Chandlerberg, IL 64941
Darrell Lubowitz;048-5821;jovani.hermiston@hotmail.com;82342 Nienow Fort Apt. 580, Betsyton, NJ 72579
Ismael Lowe;177-5048;metz.edwin@hotmail.com;9282 Vivienne Circles, New Broderick, WV 03158-1555
Brandy Jaskolski;515-1586;dooley.marco@gmail.com;648 Rohan Mountain, Osinskihaven, ME 91693
Luciano Harber;817-3897;rafaela.bernier@yahoo.com;7210 McLaughlin Plaza, Salvatoreton, NC 44102-4238
Keely Hirthe;536-3621;gerlach.elyssa@yahoo.com;1032 Holden Run, Schneiderport, OK 52535
Gerard Zulauf;603-4756;wiza.joanne@hotmail.com;842 Ellen Circle Apt. 100, New Liza, WV 08904
Jolie Batz;928-4753;hkonopelski@gmail.com;4885 Anabel Mountains Apt. 658, Estebanfurt, MO 53098
Judge Casper;608-1924;haskell96@yahoo.com;49399 Simonis Alley, Cletuschester, VI 23339-4844
Ahmed Yundt;973-9528;zvandervort@yahoo.com;6090 Fadel Land Apt. 917, New Demetriusfort, MA 48232-9605
Vincenza Strosin;728-4506;grippin@gmail.com;5577 Cruickshank Shoal, West Ryder, GU 19019-7956
Terrill Tremblay;168-7688;liliane.collins@yahoo.com;5145 Mraz Points Suite 293, South Sammy, VT 28351
Estella Stehr;716-8387;otto.dach@yahoo.com;3179 Doyle Ways, Port Chloeside, AK 54645-9396
Novella Tromp;719-7590;awhite@gmail.com;39859 Gene Valleys, Bartonville, TX 56077
Hardy Reichel;282-2948;stokes.jo@gmail.com;920 Magdalena Village, Port Marianachester, MS 97310-0294
Jamey Wiegand;886-7773;tstiedemann@yahoo.com;27113 Ubaldo Field, South Amie, VI 93869-5458
Demario Borer;234-7157;pat.bogisich@gmail.com;7818 Nigel Dale, Lake Friedrichfort, WI 31541-9150
Scot Mosciski;414-9520;rswaniawski@gmail.com;531 Considine Cove, Gerlachshire, MD 94856-9254
Noah Gottlieb;194-9418;mann.ladarius@gmail.com;1531 Vladimir Village, New Lorenza, DE 86866
Carroll Zulauf;989-0658;bernhard.alysha@yahoo.com;1193 O'Reilly Gardens, East Hilmamouth, OH 31518-8569
Elza O'Reilly;322-3219;ckuphal@yahoo.com;9264 Treutel Extension Apt. 711, East Theresa, MH 79590-5203
Merl Cummerata;192-1718;casimer86@yahoo.com;5386 Jude Square Suite 231, Donnellyborough, MP 24133
Theodora Jaskolski;926-1847;spinka.dan@yahoo.com;354 Mafalda Field, North Germanstad, NE 72963-5705
Silas Bayer;715-2835;manley.hoeger@yahoo.com;70332 Jo Tunnel, North Donatoshire, SD 23381
Karli West;044-2441;enola01@yahoo.com;395 Wehner Hill, Sheaport, HI 11056-1757
Jaden Kiehn;952-3996;korey80@gmail.com;5062 Gleichner Plains, Trystanfort, NH 49724-5385
Garnett Franecki;161-0029;delaney.white@gmail.com;0758 Heaney Terrace Suite 972, Saraitown, VI 14612
Ciara Yost;011-1087;laverne34@hotmail.com;354 Amiya Path, South Susana, DE 85136-3354
Camila Goldner;565-1059;ambrose.weber@hotmail.com;63559 Macey Turnpike, Monahanview, UT 35560-6791
Monique Hintz;574-6158;gblick@yahoo.com;9751 Lang Springs Apt. 554, Quentintown, IL 60614-0740
Rachel Parisian;447-4457;allen61@yahoo.com;55129 Layne Ridges Apt. 241, Kodyton, NE 04378
Agustina Jones;878-8485;bahringer.emilie@yahoo.com;03948 Carey Street Suite 216, Schulistmouth, NJ 73463
Giovanni Gottlieb;638-1457;eweimann@hotmail.com;7412 Dasia Vista Apt. 337, Lake Macshire, NY 34068
Lamar Prosacco;977-2853;wgulgowski@yahoo.com;5564 Zulauf Trafficway, East Fabiolatown, KS 05642-0013
Palma O'Keefe;278-8172;ellen28@yahoo.com;487 Jacobi Orchard, East Jacklyn, UT 02140
Enoch Considine;217-6381;wbarrows@gmail.com;5995 Robel Courts, Vandervortstad, WI 37543-6388
Polly Heidenreich;333-6262;cromaguera@hotmail.com;11723 Jackeline River, Rutherfordburgh, AZ 17886
Magdalena VonRueden;800-2817;frank.barrows@hotmail.com;329 Earnest Stream Apt. 488, Treyborough, AP 08312
Kaitlin Davis;152-5064;wehner.osborne@hotmail.com;42744 Loma Manor, Gillianville, TN 96283-8204
Frederique Armstrong;519-0352;gkunze@hotmail.com;22884 Max Trail, East Mylene, SC 30985-6918
Nicklaus Conn;065-0408;georgette50@hotmail.com;048 Hickle Vista Suite 983, Huelsmouth, MP 33624
Telly Johns;887-5153;olen.dicki@gmail.com;1638 Eda Courts, Mohrberg, AL 37167-2882
Alanis Toy;415-5864;qpaucek@hotmail.com;828 Fritsch Brook Apt. 043, North Berneice, OH 83924
Isabell Kohler;457-4852;melisa93@yahoo.com;6598 Noe Mission, North Hans, MT 49158-0468
Providenci Harber;170-4721;wvonrueden@gmail.com;338 Hansen Ville Suite 639, Port Dedrick, PR 31781-1357
Pierce Stokes;743-8850;lyric65@yahoo.com;571 Christopher Highway, South Heber, HI 06773-0186
Delphine Wisozk;604-4845;carmel28@yahoo.com;2773 Gerhold Creek Suite 291, Eichmannside, PR 16198-1706
Meaghan Ledner;613-6021;tromp.kayla@gmail.com;3257 Leannon Terrace Suite 163, Amirview, AZ 54506-3071
Kaci Weissnat;312-5369;ogaylord@gmail.com;335 Dach Glens, Mollyfurt, UT 24475-7425
Brandt Gulgowski;227-3373;jude.crooks@gmail.com;36228 Gleichner Isle Apt. 287, Carterfurt, MA 46930
Louie Jast;770-6995;fflatley@yahoo.com;18282 Vanessa Causeway Suite 650, North Aaliyahview, DE 29705-3956
Vicente Becker;169-9548;eleanore.trantow@hotmail.com;54529 Bednar Neck Apt. 206, South Hettiemouth, SD 52641
Reid Swift;184-0289;marty52@gmail.com;310 Haven Estate, East Eugeniamouth, AP 15113-7546
Evangeline Schneider;721-3138;lamont51@yahoo.com;591 Parisian Shore, Lake Rahsaanburgh, VT 30132
Lucas Dicki;412-8084;kshlerin.noah@hotmail.com;92152 Jena Corners, Corneliushaven, NJ 52274
Domingo Reichert;609-3527;reba.parker@hotmail.com;38832 Mitchel Land, Emeraldmouth, VT 00604-4512
Bernardo Pollich;352-8264;queen29@yahoo.com;0382 Mayra Avenue Apt. 645, North Karineville, KY 60052-0469
Kari Halvorson;925-0994;earlene56@gmail.com;731 Feest Villages, Lake Gerryville, FL 26838-9878
Griffin Ledner;408-6660;roberts.mae@yahoo.com;599 Gregory Corners, Rachaelview, PA 33568-5373
Alvis Stroman;298-6722;thand@yahoo.com;220 Johnston Bypass Suite 966, Chaimfurt, CT 02687-5462
Rosalinda Schaefer;112-8226;klocko.zita@gmail.com;5130 Garrett Coves Apt. 942, New Carlos, WI 77851-0618
Sylvester Little;371-5887;dayana.murazik@hotmail.com;850 Jade Fields, Daughertyside, MP 54503
Antonina Stehr;811-2662;awaelchi@yahoo.com;74724 Mozell Plaza, West Caleighchester, PW 06902
Eulah Schinner;942-2266;imosciski@gmail.com;061 Shyanne Stream, Port Bartland, PA 13749
Jose Schuppe;674-2814;qaltenwerth@yahoo.com;184 Moshe Coves Suite 922, North Eliaston, SC 28925
Edgardo Heathcote;534-0222;francisca.upton@yahoo.com;62750 Florida Mill Apt. 525, Schaeferside, OH 36867-7253
Kaylie Marvin;817-2482;schmitt.eleanora@hotmail.com;94064 Crystel Inlet Suite 641, West Jordan, LA 34985-1117
Cynthia Kuphal;434-8422;ellsworth15@hotmail.com;8754 Lawrence Knoll Suite 851, Kossfort, KY 21895-7652
Brando Dietrich;928-3541;devyn19@yahoo.com;69849 Jones Brooks, East Elena, NM 54964
Veda Hauck;689-4490;annabel02@hotmail.com;798 Waelchi Place Suite 027, Metzfurt, DE 64756
Cole Gutkowski;558-1378;lzboncak@hotmail.com;81397 Garett Road Suite 749, Hermannfort, OH 05768-3743
Amina Abbott;892-3480;irwin71@yahoo.com;995 Fisher Route, Corkeryborough, IA 25828-3116
Hermina Corkery;775-1967;ohand@hotmail.com;1951 Alberta Meadow Apt. 987, West Cielo, AK 29460-0437
Alexane Hintz;428-8525;lharber@yahoo.com;2801 Octavia Drive, West Jeanside, AL 66116
Beulah Stokes;486-4847;brooke03@gmail.com;305 Adele Haven Suite 515, South Friedaburgh, TN 66687
Monica Crona;525-8336;arch39@yahoo.com;77596 Beier Course, South Crawfordton, MT 79537-5230
Bryon Hilpert;633-5649;trace19@yahoo.com;6684 Jackie Tunnel, North Websterside, NJ 96501-5840
Lauretta Jones;935-0032;damian15@yahoo.com;91098 Dejon Light, Gildaland, CA 15337-7069
Willard Kunze;749-2595;simonis.chaz@hotmail.com;95429 Bergstrom Land, Lake Benny, MA 27874
Velma Dibbert;086-5903;joesph.bins@gmail.com;92577 Baumbach Row, Lake Ceciliafort, PW 11944-9409
Lorenzo Berge;194-4312;jerad54@gmail.com;35863 Altenwerth Loop Apt. 611, Ethelynside, MI 89265
Zoila Walter;005-3781;rkutch@gmail.com;5574 Lehner Views, North Coltborough, GU 94269
Felicia Lehner;151-4596;dickens.tillman@yahoo.com;200 Kuphal Meadow Suite 648, Danteland, WA 44346-2350
Melvin Johnson;539-8687;edna76@yahoo.com;5907 Dibbert Extensions Suite 305, Bednarhaven, OH 19141-1768
Kacey D'Amore;665-0886;reynold68@yahoo.com;0175 Lueilwitz Mountains Apt. 339, Bergestad, VA 21665
